"","Final_pred"
"1","e"
"2","p"
"3","e"
"4","p"
"5","e"
"6","p"
"7","p"
"8","e"
"9","e"
"10","p"
"11","e"
"12","e"
"13","p"
"14","p"
"15","e"
"16","p"
"17","e"
"18","p"
"19","p"
"20","p"
"21","e"
"22","p"
"23","p"
"24","e"
"25","p"
"26","e"
"27","e"
"28","e"
"29","e"
"30","e"
"31","e"
"32","e"
"33","p"
"34","e"
"35","e"
"36","e"
"37","p"
"38","e"
"39","e"
"40","e"
"41","e"
"42","e"
"43","p"
"44","e"
"45","p"
"46","p"
"47","e"
"48","e"
"49","p"
"50","p"
"51","p"
"52","e"
"53","e"
"54","e"
"55","p"
"56","e"
"57","p"
"58","e"
"59","e"
"60","p"
"61","e"
"62","e"
"63","p"
"64","p"
"65","p"
"66","p"
"67","e"
"68","p"
"69","p"
"70","p"
"71","e"
"72","p"
"73","p"
"74","p"
"75","e"
"76","e"
"77","e"
"78","p"
"79","e"
"80","e"
"81","p"
"82","p"
"83","p"
"84","p"
"85","e"
"86","e"
"87","e"
"88","e"
"89","p"
"90","e"
"91","p"
"92","e"
"93","e"
"94","p"
"95","p"
"96","e"
"97","p"
"98","e"
"99","p"
"100","p"
"101","p"
"102","e"
"103","p"
"104","p"
"105","e"
"106","p"
"107","p"
"108","p"
"109","e"
"110","e"
"111","p"
"112","p"
"113","e"
"114","e"
"115","p"
"116","p"
"117","e"
"118","e"
"119","p"
"120","p"
"121","e"
"122","e"
"123","e"
"124","p"
"125","p"
"126","e"
"127","e"
"128","e"
"129","e"
"130","e"
"131","e"
"132","e"
"133","e"
"134","e"
"135","e"
"136","e"
"137","e"
"138","e"
"139","e"
"140","p"
"141","e"
"142","e"
"143","e"
"144","p"
"145","e"
"146","e"
"147","p"
"148","p"
"149","e"
"150","p"
"151","e"
"152","e"
"153","p"
"154","e"
"155","p"
"156","e"
"157","e"
"158","p"
"159","p"
"160","p"
"161","p"
"162","p"
"163","e"
"164","e"
"165","p"
"166","e"
"167","p"
"168","e"
"169","p"
"170","p"
"171","p"
"172","p"
"173","e"
"174","e"
"175","e"
"176","e"
"177","p"
"178","e"
"179","p"
"180","e"
"181","e"
"182","e"
"183","e"
"184","p"
"185","e"
"186","p"
"187","e"
"188","p"
"189","e"
"190","e"
"191","p"
"192","e"
"193","e"
"194","p"
"195","e"
"196","p"
"197","e"
"198","e"
"199","p"
"200","p"
"201","p"
"202","e"
"203","p"
"204","p"
"205","p"
"206","e"
"207","e"
"208","e"
"209","p"
"210","e"
"211","e"
"212","e"
"213","e"
"214","p"
"215","p"
"216","p"
"217","e"
"218","e"
"219","p"
"220","p"
"221","e"
"222","p"
"223","p"
"224","e"
"225","e"
"226","p"
"227","e"
"228","p"
"229","p"
"230","p"
"231","e"
"232","e"
"233","e"
"234","e"
"235","p"
"236","p"
"237","e"
"238","e"
"239","e"
"240","p"
"241","p"
"242","p"
"243","e"
"244","p"
"245","e"
"246","e"
"247","p"
"248","p"
"249","e"
"250","e"
"251","p"
"252","e"
"253","e"
"254","p"
"255","e"
"256","p"
"257","p"
"258","p"
"259","e"
"260","e"
"261","p"
"262","p"
"263","p"
"264","e"
"265","e"
"266","e"
"267","e"
"268","p"
"269","p"
"270","p"
"271","p"
"272","e"
"273","p"
"274","p"
"275","p"
"276","e"
"277","e"
"278","p"
"279","e"
"280","e"
"281","e"
"282","e"
"283","e"
"284","p"
"285","e"
"286","e"
"287","e"
"288","e"
"289","p"
"290","p"
"291","e"
"292","e"
"293","p"
"294","e"
"295","e"
"296","p"
"297","e"
"298","e"
"299","e"
"300","p"
"301","e"
"302","e"
"303","p"
"304","e"
"305","p"
"306","e"
"307","e"
"308","p"
"309","e"
"310","p"
"311","p"
"312","p"
"313","e"
"314","p"
"315","e"
"316","e"
"317","p"
"318","e"
"319","p"
"320","p"
"321","e"
"322","e"
"323","e"
"324","e"
"325","p"
"326","e"
"327","e"
"328","e"
"329","e"
"330","p"
"331","e"
"332","e"
"333","p"
"334","p"
"335","e"
"336","e"
"337","p"
"338","e"
"339","p"
"340","p"
"341","p"
"342","p"
"343","e"
"344","e"
"345","e"
"346","p"
"347","p"
"348","p"
"349","e"
"350","e"
"351","p"
"352","e"
"353","p"
"354","p"
"355","p"
"356","p"
"357","p"
"358","e"
"359","e"
"360","e"
"361","e"
"362","p"
"363","e"
"364","p"
"365","p"
"366","p"
"367","p"
"368","p"
"369","p"
"370","p"
"371","p"
"372","e"
"373","p"
"374","p"
"375","p"
"376","p"
"377","e"
"378","p"
"379","p"
"380","e"
"381","p"
"382","p"
"383","e"
"384","p"
"385","e"
"386","p"
"387","p"
"388","e"
"389","p"
"390","p"
"391","e"
"392","e"
"393","p"
"394","e"
"395","p"
"396","p"
"397","e"
"398","p"
"399","e"
"400","e"
"401","e"
"402","p"
"403","e"
"404","p"
"405","p"
"406","e"
"407","p"
"408","p"
"409","p"
"410","p"
"411","e"
"412","e"
"413","e"
"414","p"
"415","e"
"416","p"
"417","e"
"418","p"
"419","e"
"420","p"
"421","e"
"422","p"
"423","e"
"424","p"
"425","p"
"426","p"
"427","p"
"428","e"
"429","p"
"430","p"
"431","e"
"432","p"
"433","e"
"434","p"
"435","e"
"436","p"
"437","e"
"438","e"
"439","p"
"440","p"
"441","p"
"442","e"
"443","e"
"444","e"
"445","p"
"446","p"
"447","e"
"448","e"
"449","p"
"450","p"
"451","e"
"452","p"
"453","e"
"454","e"
"455","p"
"456","p"
"457","e"
"458","e"
"459","e"
"460","e"
"461","p"
"462","e"
"463","p"
"464","e"
"465","p"
"466","e"
"467","e"
"468","e"
"469","e"
"470","p"
"471","p"
"472","e"
"473","p"
"474","p"
"475","p"
"476","e"
"477","p"
"478","p"
"479","p"
"480","e"
"481","e"
"482","e"
"483","e"
"484","e"
"485","p"
"486","p"
"487","p"
"488","p"
"489","e"
"490","p"
"491","e"
"492","p"
"493","p"
"494","e"
"495","e"
"496","p"
"497","p"
"498","e"
"499","p"
"500","e"
"501","p"
"502","e"
"503","e"
"504","p"
"505","p"
"506","e"
"507","p"
"508","e"
"509","p"
"510","p"
"511","e"
"512","p"
"513","p"
"514","p"
"515","p"
"516","e"
"517","e"
"518","p"
"519","p"
"520","e"
"521","p"
"522","p"
"523","p"
"524","e"
"525","p"
"526","p"
"527","p"
"528","e"
"529","e"
"530","e"
"531","p"
"532","p"
"533","e"
"534","e"
"535","e"
"536","e"
"537","e"
"538","p"
"539","p"
"540","e"
"541","e"
"542","e"
"543","p"
"544","e"
"545","p"
"546","p"
"547","e"
"548","p"
"549","e"
"550","p"
"551","e"
"552","p"
"553","p"
"554","e"
"555","e"
"556","e"
"557","e"
"558","e"
"559","e"
"560","p"
"561","p"
"562","p"
"563","e"
"564","e"
"565","e"
"566","p"
"567","p"
"568","e"
"569","p"
"570","e"
"571","p"
"572","e"
"573","p"
"574","p"
"575","e"
"576","e"
"577","p"
"578","e"
"579","p"
"580","p"
"581","e"
"582","p"
"583","p"
"584","p"
"585","e"
"586","e"
"587","p"
"588","p"
"589","e"
"590","e"
"591","e"
"592","e"
"593","p"
"594","p"
"595","p"
"596","p"
"597","p"
"598","e"
"599","p"
"600","e"
"601","e"
"602","e"
"603","e"
"604","p"
"605","e"
"606","e"
"607","p"
"608","p"
"609","e"
"610","p"
"611","p"
"612","p"
"613","e"
"614","e"
"615","e"
"616","p"
"617","e"
"618","e"
"619","e"
"620","e"
"621","e"
"622","p"
"623","p"
"624","e"
"625","e"
"626","p"
"627","p"
"628","p"
"629","e"
"630","e"
"631","p"
"632","p"
"633","p"
"634","e"
"635","p"
"636","e"
"637","e"
"638","e"
"639","p"
"640","e"
"641","e"
"642","p"
"643","e"
"644","p"
"645","e"
"646","p"
"647","p"
"648","p"
"649","p"
"650","p"
"651","p"
"652","p"
"653","p"
"654","e"
"655","p"
"656","e"
"657","e"
"658","p"
"659","p"
"660","p"
"661","p"
"662","p"
"663","e"
"664","p"
"665","p"
"666","e"
"667","e"
"668","e"
"669","e"
"670","e"
"671","p"
"672","e"
"673","e"
"674","p"
"675","p"
"676","p"
"677","e"
"678","p"
"679","e"
"680","p"
"681","p"
"682","p"
"683","e"
"684","e"
"685","p"
"686","e"
"687","e"
"688","e"
"689","e"
"690","e"
"691","e"
"692","p"
"693","e"
"694","p"
"695","e"
"696","p"
"697","p"
"698","p"
"699","e"
"700","p"
"701","p"
"702","p"
"703","p"
"704","p"
"705","e"
"706","p"
"707","p"
"708","p"
"709","p"
"710","p"
"711","e"
"712","e"
"713","e"
"714","e"
"715","p"
"716","e"
"717","p"
"718","e"
"719","e"
"720","e"
"721","e"
"722","p"
"723","e"
"724","e"
"725","p"
"726","e"
"727","p"
"728","e"
"729","e"
"730","p"
"731","p"
"732","e"
"733","p"
"734","p"
"735","p"
"736","e"
"737","p"
"738","p"
"739","e"
"740","p"
"741","p"
"742","p"
"743","p"
"744","e"
"745","e"
"746","e"
"747","p"
"748","e"
"749","p"
"750","e"
"751","e"
"752","p"
"753","e"
"754","e"
"755","p"
"756","p"
"757","e"
"758","e"
"759","p"
"760","e"
"761","e"
"762","p"
"763","p"
"764","e"
"765","e"
"766","p"
"767","p"
"768","p"
"769","e"
"770","p"
"771","e"
"772","p"
"773","p"
"774","e"
"775","e"
"776","e"
"777","p"
"778","e"
"779","e"
"780","e"
"781","e"
"782","e"
"783","e"
"784","e"
"785","p"
"786","p"
"787","p"
"788","p"
"789","p"
"790","p"
"791","e"
"792","p"
"793","p"
"794","e"
"795","e"
"796","p"
"797","p"
"798","e"
"799","p"
"800","p"
"801","p"
"802","p"
"803","p"
"804","e"
"805","e"
"806","e"
"807","e"
"808","p"
"809","e"
"810","p"
"811","p"
"812","e"
"813","e"
"814","p"
"815","e"
"816","p"
"817","p"
"818","e"
"819","e"
"820","e"
"821","p"
"822","p"
"823","e"
"824","e"
"825","e"
"826","p"
"827","p"
"828","e"
"829","e"
"830","e"
"831","p"
"832","p"
"833","e"
"834","e"
"835","e"
"836","e"
"837","e"
"838","e"
"839","e"
"840","e"
"841","e"
"842","e"
"843","e"
"844","e"
"845","p"
"846","p"
"847","e"
"848","e"
"849","p"
"850","p"
"851","e"
"852","p"
"853","e"
"854","e"
"855","e"
"856","p"
"857","p"
"858","p"
"859","p"
"860","p"
"861","e"
"862","e"
"863","e"
"864","e"
"865","e"
"866","p"
"867","p"
"868","e"
"869","e"
"870","p"
"871","e"
"872","p"
"873","p"
"874","e"
"875","e"
"876","p"
"877","p"
"878","e"
"879","e"
"880","e"
"881","p"
"882","e"
"883","e"
"884","e"
"885","e"
"886","e"
"887","p"
"888","p"
"889","p"
"890","p"
"891","p"
"892","p"
"893","e"
"894","p"
"895","p"
"896","p"
"897","e"
"898","p"
"899","e"
"900","p"
"901","e"
"902","p"
"903","p"
"904","e"
"905","p"
"906","p"
"907","p"
"908","p"
"909","p"
"910","e"
"911","e"
"912","p"
"913","p"
"914","e"
"915","p"
"916","e"
"917","p"
"918","e"
"919","p"
"920","e"
"921","e"
"922","e"
"923","e"
"924","e"
"925","e"
"926","e"
"927","e"
"928","e"
"929","e"
"930","p"
"931","p"
"932","e"
"933","p"
"934","e"
"935","e"
"936","p"
"937","e"
"938","e"
"939","p"
"940","p"
"941","p"
"942","e"
"943","e"
"944","p"
"945","p"
"946","e"
"947","p"
"948","p"
"949","p"
"950","e"
"951","e"
"952","e"
"953","e"
"954","p"
"955","e"
"956","p"
"957","e"
"958","e"
"959","e"
"960","p"
"961","e"
"962","e"
"963","e"
"964","e"
"965","e"
"966","p"
"967","p"
"968","p"
"969","e"
"970","e"
"971","e"
"972","e"
"973","p"
"974","p"
"975","p"
"976","e"
"977","p"
"978","p"
"979","p"
"980","e"
"981","e"
"982","e"
"983","e"
"984","e"
"985","e"
"986","p"
"987","e"
"988","p"
"989","e"
"990","e"
"991","e"
"992","p"
"993","p"
"994","p"
"995","p"
"996","e"
"997","p"
"998","e"
"999","e"
"1000","p"
"1001","p"
"1002","e"
"1003","e"
"1004","p"
"1005","e"
"1006","e"
"1007","p"
"1008","e"
"1009","p"
"1010","e"
"1011","p"
"1012","e"
"1013","e"
"1014","e"
"1015","e"
"1016","e"
"1017","e"
"1018","p"
"1019","e"
"1020","p"
"1021","p"
"1022","e"
"1023","e"
"1024","e"
"1025","p"
"1026","e"
"1027","e"
"1028","e"
"1029","p"
"1030","e"
"1031","p"
"1032","e"
"1033","e"
"1034","e"
"1035","p"
"1036","e"
"1037","e"
"1038","e"
"1039","e"
"1040","p"
"1041","e"
"1042","p"
"1043","e"
"1044","e"
"1045","e"
"1046","p"
"1047","e"
"1048","e"
"1049","p"
"1050","p"
"1051","e"
"1052","p"
"1053","p"
"1054","e"
"1055","p"
"1056","p"
"1057","e"
"1058","e"
"1059","e"
"1060","e"
"1061","p"
"1062","e"
"1063","e"
"1064","p"
"1065","p"
"1066","p"
"1067","p"
"1068","p"
"1069","e"
"1070","e"
"1071","p"
"1072","p"
"1073","e"
"1074","p"
"1075","p"
"1076","p"
"1077","e"
"1078","p"
"1079","p"
"1080","e"
"1081","p"
"1082","p"
"1083","p"
"1084","p"
"1085","p"
"1086","p"
"1087","p"
"1088","p"
"1089","e"
"1090","e"
"1091","p"
"1092","p"
"1093","e"
"1094","p"
"1095","p"
"1096","e"
"1097","e"
"1098","p"
"1099","p"
"1100","p"
"1101","p"
"1102","p"
"1103","e"
"1104","p"
"1105","e"
"1106","p"
"1107","p"
"1108","p"
"1109","e"
"1110","p"
"1111","p"
"1112","p"
"1113","e"
"1114","p"
"1115","p"
"1116","e"
"1117","p"
"1118","p"
"1119","p"
"1120","p"
"1121","p"
"1122","e"
"1123","e"
"1124","p"
"1125","e"
"1126","e"
"1127","p"
"1128","p"
"1129","p"
"1130","p"
"1131","p"
"1132","e"
"1133","p"
"1134","p"
"1135","e"
"1136","e"
"1137","p"
"1138","e"
"1139","p"
"1140","e"
"1141","p"
"1142","p"
"1143","e"
"1144","e"
"1145","e"
"1146","e"
"1147","p"
"1148","e"
"1149","e"
"1150","e"
"1151","e"
"1152","p"
"1153","p"
"1154","e"
"1155","e"
"1156","e"
"1157","e"
"1158","p"
"1159","p"
"1160","p"
"1161","e"
"1162","e"
"1163","p"
"1164","p"
"1165","e"
"1166","e"
"1167","p"
"1168","p"
"1169","p"
"1170","e"
"1171","e"
"1172","p"
"1173","e"
"1174","e"
"1175","e"
"1176","e"
"1177","e"
"1178","p"
"1179","p"
"1180","p"
"1181","e"
"1182","p"
"1183","e"
"1184","e"
"1185","p"
"1186","p"
"1187","e"
"1188","e"
"1189","e"
"1190","e"
"1191","p"
"1192","p"
"1193","e"
"1194","e"
"1195","p"
"1196","e"
"1197","e"
"1198","e"
"1199","e"
"1200","p"
"1201","p"
"1202","p"
"1203","p"
"1204","e"
"1205","e"
"1206","p"
"1207","p"
"1208","e"
"1209","e"
"1210","e"
"1211","p"
"1212","p"
"1213","e"
"1214","p"
"1215","p"
"1216","e"
"1217","e"
"1218","p"
"1219","p"
"1220","p"
"1221","p"
"1222","e"
"1223","e"
"1224","p"
"1225","e"
"1226","p"
"1227","e"
"1228","e"
"1229","p"
"1230","e"
"1231","p"
"1232","p"
"1233","p"
"1234","e"
"1235","p"
"1236","e"
"1237","e"
"1238","e"
"1239","e"
"1240","p"
"1241","e"
"1242","e"
"1243","e"
"1244","p"
"1245","p"
"1246","p"
"1247","e"
"1248","p"
"1249","p"
"1250","p"
"1251","e"
"1252","e"
"1253","e"
"1254","p"
"1255","e"
"1256","p"
"1257","e"
"1258","p"
"1259","e"
"1260","e"
"1261","p"
"1262","p"
"1263","e"
"1264","p"
"1265","e"
"1266","p"
"1267","p"
"1268","e"
"1269","p"
"1270","p"
"1271","p"
"1272","p"
"1273","e"
"1274","e"
"1275","e"
"1276","p"
"1277","e"
"1278","e"
"1279","p"
"1280","e"
"1281","p"
"1282","p"
"1283","p"
"1284","p"
"1285","e"
"1286","e"
"1287","p"
"1288","p"
"1289","p"
"1290","p"
"1291","p"
"1292","e"
"1293","p"
"1294","e"
"1295","p"
"1296","p"
"1297","p"
"1298","e"
"1299","e"
"1300","e"
"1301","p"
"1302","e"
"1303","e"
"1304","e"
"1305","p"
"1306","p"
"1307","p"
"1308","e"
"1309","p"
"1310","e"
"1311","e"
"1312","e"
"1313","e"
"1314","e"
"1315","p"
"1316","p"
"1317","p"
"1318","e"
"1319","p"
"1320","p"
"1321","e"
"1322","e"
"1323","p"
"1324","p"
"1325","e"
"1326","p"
"1327","e"
"1328","e"
"1329","e"
"1330","e"
"1331","e"
"1332","e"
"1333","e"
"1334","e"
"1335","p"
"1336","p"
"1337","p"
"1338","e"
"1339","e"
"1340","p"
"1341","e"
"1342","e"
"1343","p"
"1344","e"
"1345","p"
"1346","e"
"1347","e"
"1348","p"
"1349","e"
"1350","e"
"1351","p"
"1352","p"
"1353","e"
"1354","e"
"1355","p"
"1356","e"
"1357","p"
"1358","e"
"1359","p"
"1360","p"
"1361","p"
"1362","p"
"1363","p"
"1364","e"
"1365","p"
"1366","e"
"1367","e"
"1368","e"
"1369","p"
"1370","p"
"1371","p"
"1372","p"
"1373","p"
"1374","p"
"1375","p"
"1376","e"
"1377","e"
"1378","e"
"1379","p"
"1380","e"
"1381","e"
"1382","e"
"1383","e"
"1384","e"
"1385","p"
"1386","p"
"1387","e"
"1388","e"
"1389","e"
"1390","e"
"1391","p"
"1392","e"
"1393","e"
"1394","e"
"1395","e"
"1396","p"
"1397","e"
"1398","p"
"1399","e"
"1400","p"
"1401","e"
"1402","e"
"1403","e"
"1404","p"
"1405","e"
"1406","e"
"1407","e"
"1408","e"
"1409","p"
"1410","p"
"1411","e"
"1412","p"
"1413","p"
"1414","p"
"1415","e"
"1416","p"
"1417","p"
"1418","p"
"1419","p"
"1420","p"
"1421","e"
"1422","e"
"1423","e"
"1424","e"
"1425","p"
"1426","p"
"1427","p"
"1428","p"
"1429","p"
"1430","p"
"1431","e"
"1432","e"
"1433","e"
"1434","p"
"1435","e"
"1436","p"
"1437","e"
"1438","e"
"1439","p"
"1440","p"
"1441","e"
"1442","p"
"1443","e"
"1444","p"
"1445","e"
"1446","p"
"1447","e"
"1448","p"
"1449","e"
"1450","p"
"1451","e"
"1452","e"
"1453","e"
"1454","e"
"1455","p"
"1456","e"
"1457","e"
"1458","p"
"1459","p"
"1460","p"
"1461","e"
"1462","p"
"1463","p"
"1464","e"
"1465","e"
"1466","e"
"1467","p"
"1468","e"
"1469","e"
"1470","e"
"1471","e"
"1472","p"
"1473","p"
"1474","p"
"1475","e"
"1476","e"
"1477","e"
"1478","e"
"1479","e"
"1480","p"
"1481","e"
"1482","p"
"1483","p"
"1484","e"
"1485","e"
"1486","p"
"1487","p"
"1488","p"
"1489","e"
"1490","e"
"1491","e"
"1492","p"
"1493","e"
"1494","p"
"1495","p"
"1496","e"
"1497","p"
"1498","e"
"1499","p"
"1500","e"
"1501","p"
"1502","p"
"1503","e"
"1504","p"
"1505","e"
"1506","e"
"1507","p"
"1508","p"
"1509","p"
"1510","e"
"1511","p"
"1512","e"
"1513","e"
"1514","e"
"1515","p"
"1516","e"
"1517","p"
"1518","p"
"1519","e"
"1520","p"
"1521","e"
"1522","p"
"1523","e"
"1524","e"
"1525","e"
"1526","p"
"1527","p"
"1528","e"
"1529","e"
"1530","p"
"1531","p"
"1532","p"
"1533","e"
"1534","p"
"1535","e"
"1536","p"
"1537","p"
"1538","p"
"1539","e"
"1540","e"
"1541","p"
"1542","p"
"1543","p"
"1544","p"
"1545","e"
"1546","e"
"1547","p"
"1548","e"
"1549","p"
"1550","e"
"1551","e"
"1552","e"
"1553","p"
"1554","p"
"1555","p"
"1556","e"
"1557","e"
"1558","p"
"1559","e"
"1560","e"
"1561","e"
"1562","e"
"1563","p"
"1564","e"
"1565","e"
"1566","p"
"1567","e"
"1568","e"
"1569","e"
"1570","p"
"1571","e"
"1572","p"
"1573","p"
"1574","e"
"1575","p"
"1576","p"
"1577","e"
"1578","p"
"1579","e"
"1580","e"
"1581","p"
"1582","e"
"1583","p"
"1584","p"
"1585","e"
"1586","e"
"1587","p"
"1588","e"
"1589","p"
"1590","e"
"1591","e"
"1592","p"
"1593","e"
"1594","e"
"1595","e"
"1596","p"
"1597","e"
"1598","e"
"1599","p"
"1600","p"
"1601","e"
"1602","p"
"1603","e"
"1604","e"
"1605","e"
"1606","e"
"1607","p"
"1608","e"
"1609","p"
"1610","p"
"1611","p"
"1612","e"
"1613","e"
"1614","p"
"1615","e"
"1616","p"
"1617","p"
"1618","e"
"1619","e"
"1620","e"
"1621","p"
"1622","p"
"1623","p"
"1624","p"
"1625","p"
"1626","e"
"1627","e"
"1628","p"
"1629","p"
"1630","e"
"1631","p"
"1632","e"
"1633","e"
"1634","p"
"1635","e"
"1636","e"
"1637","e"
"1638","p"
"1639","e"
"1640","p"
"1641","e"
"1642","p"
"1643","p"
"1644","p"
"1645","p"
"1646","e"
"1647","e"
"1648","p"
"1649","p"
"1650","e"
"1651","p"
"1652","e"
"1653","p"
"1654","e"
"1655","p"
"1656","p"
"1657","p"
"1658","e"
"1659","e"
"1660","e"
"1661","p"
"1662","p"
"1663","e"
"1664","p"
"1665","p"
"1666","e"
"1667","e"
"1668","e"
"1669","e"
"1670","e"
"1671","e"
"1672","e"
"1673","e"
"1674","e"
"1675","p"
"1676","e"
"1677","e"
"1678","p"
"1679","e"
"1680","p"
"1681","e"
"1682","p"
"1683","p"
"1684","p"
"1685","p"
"1686","p"
"1687","p"
"1688","p"
"1689","p"
"1690","e"
"1691","p"
"1692","e"
"1693","e"
"1694","p"
"1695","e"
"1696","e"
"1697","e"
"1698","e"
"1699","e"
"1700","p"
"1701","p"
"1702","e"
"1703","p"
"1704","e"
"1705","e"
"1706","p"
"1707","p"
"1708","e"
"1709","e"
"1710","p"
"1711","e"
"1712","p"
"1713","e"
"1714","p"
"1715","e"
"1716","p"
"1717","e"
"1718","e"
"1719","p"
"1720","p"
"1721","p"
"1722","p"
"1723","e"
"1724","e"
"1725","e"
"1726","p"
"1727","p"
"1728","p"
"1729","p"
"1730","p"
"1731","e"
"1732","p"
"1733","e"
"1734","p"
"1735","p"
"1736","e"
"1737","e"
"1738","p"
"1739","e"
"1740","p"
"1741","p"
"1742","e"
"1743","e"
"1744","p"
"1745","e"
"1746","e"
"1747","e"
"1748","p"
"1749","p"
"1750","e"
"1751","p"
"1752","e"
"1753","e"
"1754","e"
"1755","e"
"1756","e"
"1757","e"
"1758","e"
"1759","p"
"1760","p"
"1761","p"
"1762","e"
"1763","e"
"1764","e"
"1765","e"
"1766","p"
"1767","p"
"1768","e"
"1769","e"
"1770","e"
"1771","e"
"1772","p"
"1773","p"
"1774","p"
"1775","p"
"1776","e"
"1777","p"
"1778","p"
"1779","e"
"1780","e"
"1781","p"
"1782","e"
"1783","p"
"1784","e"
"1785","e"
"1786","p"
"1787","e"
"1788","e"
"1789","e"
"1790","e"
"1791","e"
"1792","e"
"1793","e"
"1794","e"
"1795","p"
"1796","e"
"1797","p"
"1798","e"
"1799","p"
"1800","p"
"1801","e"
"1802","p"
"1803","e"
"1804","p"
"1805","p"
"1806","p"
"1807","e"
"1808","e"
"1809","p"
"1810","e"
"1811","e"
"1812","e"
"1813","p"
"1814","p"
"1815","p"
"1816","e"
"1817","e"
"1818","p"
"1819","e"
"1820","p"
"1821","p"
"1822","p"
"1823","e"
"1824","p"
"1825","e"
"1826","e"
"1827","p"
"1828","e"
"1829","e"
"1830","p"
"1831","p"
"1832","p"
"1833","e"
"1834","e"
"1835","p"
"1836","p"
"1837","p"
"1838","e"
"1839","p"
"1840","e"
"1841","p"
"1842","e"
"1843","e"
"1844","p"
"1845","e"
"1846","e"
"1847","e"
"1848","e"
"1849","e"
"1850","e"
"1851","p"
"1852","p"
"1853","p"
"1854","p"
"1855","e"
"1856","p"
"1857","e"
"1858","p"
"1859","e"
"1860","p"
"1861","e"
"1862","e"
"1863","e"
"1864","e"
"1865","p"
"1866","e"
"1867","e"
"1868","e"
"1869","e"
"1870","p"
"1871","e"
"1872","p"
"1873","e"
"1874","e"
"1875","e"
"1876","e"
"1877","e"
"1878","e"
"1879","e"
"1880","p"
"1881","p"
"1882","e"
"1883","e"
"1884","p"
"1885","p"
"1886","p"
"1887","e"
"1888","e"
"1889","p"
"1890","e"
"1891","p"
"1892","e"
"1893","e"
"1894","p"
"1895","e"
"1896","e"
"1897","p"
"1898","p"
"1899","e"
"1900","p"
"1901","e"
"1902","e"
"1903","p"
"1904","p"
"1905","e"
"1906","e"
"1907","p"
"1908","e"
"1909","p"
"1910","p"
"1911","p"
"1912","e"
"1913","e"
"1914","e"
"1915","e"
"1916","e"
"1917","e"
"1918","p"
"1919","p"
"1920","e"
"1921","e"
"1922","e"
"1923","p"
"1924","p"
"1925","p"
"1926","p"
"1927","p"
"1928","e"
"1929","e"
"1930","p"
"1931","p"
"1932","e"
"1933","e"
"1934","e"
"1935","e"
"1936","p"
"1937","e"
"1938","e"
"1939","e"
"1940","e"
"1941","e"
"1942","p"
"1943","e"
"1944","p"
"1945","e"
"1946","e"
"1947","p"
"1948","p"
"1949","e"
"1950","e"
"1951","p"
"1952","e"
"1953","e"
"1954","p"
"1955","p"
"1956","p"
"1957","p"
"1958","e"
"1959","p"
"1960","p"
"1961","e"
"1962","p"
"1963","e"
"1964","p"
"1965","p"
"1966","e"
"1967","p"
"1968","p"
"1969","p"
"1970","p"
"1971","e"
"1972","p"
"1973","p"
"1974","p"
"1975","e"
"1976","p"
"1977","p"
"1978","e"
"1979","e"
"1980","p"
"1981","p"
"1982","e"
"1983","e"
"1984","e"
"1985","e"
"1986","e"
"1987","e"
"1988","p"
"1989","p"
"1990","e"
"1991","p"
"1992","e"
"1993","e"
"1994","p"
"1995","e"
"1996","e"
"1997","p"
"1998","e"
"1999","p"
"2000","e"
"2001","e"
"2002","p"
"2003","p"
"2004","e"
"2005","e"
"2006","p"
"2007","e"
"2008","p"
"2009","p"
"2010","e"
"2011","p"
"2012","p"
"2013","p"
"2014","p"
"2015","e"
"2016","e"
"2017","e"
"2018","p"
"2019","p"
"2020","p"
"2021","p"
"2022","p"
"2023","e"
"2024","p"
"2025","e"
"2026","p"
"2027","p"
"2028","p"
"2029","e"
"2030","e"
"2031","p"
"2032","e"
"2033","e"
"2034","e"
"2035","e"
"2036","e"
"2037","e"
"2038","p"
"2039","e"
"2040","p"
"2041","p"
"2042","e"
"2043","e"
"2044","e"
"2045","p"
"2046","p"
"2047","e"
"2048","e"
"2049","p"
"2050","e"
"2051","p"
"2052","e"
"2053","e"
"2054","e"
"2055","p"
"2056","p"
"2057","p"
"2058","e"
"2059","e"
"2060","p"
"2061","p"
"2062","e"
"2063","e"
"2064","e"
"2065","e"
"2066","p"
"2067","p"
"2068","p"
"2069","p"
"2070","e"
"2071","e"
"2072","e"
"2073","p"
"2074","e"
"2075","p"
"2076","e"
"2077","p"
"2078","e"
"2079","e"
"2080","e"
"2081","e"
"2082","e"
"2083","e"
"2084","e"
"2085","p"
"2086","e"
"2087","e"
"2088","p"
"2089","e"
"2090","e"
"2091","e"
"2092","e"
"2093","p"
"2094","e"
"2095","e"
"2096","e"
"2097","p"
"2098","p"
"2099","e"
"2100","p"
"2101","e"
"2102","p"
"2103","e"
"2104","p"
"2105","e"
"2106","e"
"2107","e"
"2108","p"
"2109","p"
"2110","p"
"2111","p"
"2112","p"
"2113","p"
"2114","e"
"2115","e"
"2116","p"
"2117","e"
"2118","p"
"2119","p"
"2120","p"
"2121","e"
"2122","p"
"2123","p"
"2124","p"
"2125","p"
"2126","e"
"2127","e"
"2128","p"
"2129","p"
"2130","e"
"2131","p"
"2132","e"
"2133","p"
"2134","e"
"2135","p"
"2136","e"
"2137","p"
"2138","e"
"2139","e"
"2140","e"
"2141","p"
"2142","e"
"2143","e"
"2144","p"
"2145","e"
"2146","e"
"2147","p"
"2148","p"
"2149","e"
"2150","p"
"2151","e"
"2152","e"
"2153","p"
"2154","p"
"2155","p"
"2156","p"
"2157","e"
"2158","e"
"2159","e"
"2160","e"
"2161","e"
"2162","p"
"2163","p"
"2164","p"
"2165","p"
"2166","e"
"2167","e"
"2168","e"
"2169","e"
"2170","e"
"2171","e"
"2172","p"
"2173","e"
"2174","p"
"2175","p"
"2176","e"
"2177","p"
"2178","p"
"2179","e"
"2180","p"
"2181","e"
"2182","p"
"2183","p"
"2184","p"
"2185","e"
"2186","e"
"2187","e"
"2188","p"
"2189","p"
"2190","e"
"2191","p"
"2192","p"
"2193","p"
"2194","p"
"2195","p"
"2196","p"
"2197","p"
"2198","e"
"2199","p"
"2200","p"
"2201","e"
"2202","p"
"2203","p"
"2204","p"
"2205","p"
"2206","p"
"2207","p"
"2208","p"
"2209","e"
"2210","p"
"2211","p"
"2212","e"
"2213","p"
"2214","e"
"2215","p"
"2216","p"
"2217","e"
"2218","p"
"2219","e"
"2220","p"
"2221","p"
"2222","p"
"2223","p"
"2224","p"
"2225","e"
"2226","p"
"2227","e"
"2228","e"
"2229","p"
"2230","p"
"2231","e"
"2232","p"
"2233","p"
"2234","p"
"2235","e"
"2236","e"
"2237","e"
"2238","e"
"2239","p"
"2240","e"
"2241","e"
"2242","p"
"2243","p"
"2244","e"
"2245","p"
"2246","e"
"2247","p"
"2248","e"
"2249","e"
"2250","p"
"2251","p"
"2252","e"
"2253","e"
"2254","p"
"2255","p"
"2256","p"
"2257","e"
"2258","p"
"2259","p"
"2260","p"
"2261","e"
"2262","e"
"2263","p"
"2264","e"
"2265","e"
"2266","e"
"2267","e"
"2268","p"
"2269","e"
"2270","e"
"2271","e"
"2272","p"
"2273","p"
"2274","e"
"2275","e"
"2276","e"
"2277","p"
"2278","p"
"2279","p"
"2280","e"
"2281","e"
"2282","p"
"2283","e"
"2284","p"
"2285","e"
"2286","e"
"2287","e"
"2288","p"
"2289","p"
"2290","p"
"2291","p"
"2292","e"
"2293","p"
"2294","p"
"2295","p"
"2296","p"
"2297","p"
"2298","e"
"2299","e"
"2300","e"
"2301","p"
"2302","e"
"2303","e"
"2304","e"
"2305","e"
"2306","e"
"2307","p"
"2308","e"
"2309","e"
"2310","e"
"2311","p"
"2312","p"
"2313","e"
"2314","p"
"2315","e"
"2316","e"
"2317","p"
"2318","e"
"2319","e"
"2320","e"
"2321","p"
"2322","e"
"2323","e"
"2324","e"
"2325","p"
"2326","e"
"2327","p"
"2328","p"
"2329","p"
"2330","p"
"2331","e"
"2332","e"
"2333","p"
"2334","e"
"2335","e"
"2336","p"
"2337","e"
"2338","e"
"2339","e"
"2340","e"
"2341","p"
"2342","p"
"2343","e"
"2344","e"
"2345","p"
"2346","p"
"2347","e"
"2348","p"
"2349","e"
"2350","p"
"2351","p"
"2352","p"
"2353","p"
"2354","p"
"2355","p"
"2356","p"
"2357","e"
"2358","p"
"2359","e"
"2360","e"
"2361","e"
"2362","e"
"2363","e"
"2364","e"
"2365","p"
"2366","e"
"2367","p"
"2368","p"
"2369","e"
"2370","e"
"2371","e"
"2372","e"
"2373","e"
"2374","e"
"2375","e"
"2376","e"
"2377","e"
"2378","e"
"2379","e"
"2380","p"
"2381","e"
"2382","e"
"2383","e"
"2384","e"
"2385","p"
"2386","e"
"2387","e"
"2388","e"
"2389","p"
"2390","e"
"2391","e"
"2392","p"
"2393","p"
"2394","e"
"2395","e"
"2396","p"
"2397","p"
"2398","p"
"2399","p"
"2400","e"
"2401","e"
"2402","p"
"2403","e"
"2404","e"
"2405","p"
"2406","p"
"2407","p"
"2408","p"
"2409","e"
"2410","p"
"2411","p"
"2412","p"
"2413","e"
"2414","p"
"2415","p"
"2416","e"
"2417","p"
"2418","p"
"2419","e"
"2420","e"
"2421","p"
"2422","p"
"2423","p"
"2424","p"
"2425","e"
"2426","p"
"2427","e"
"2428","e"
"2429","p"
"2430","p"
"2431","e"
"2432","p"
"2433","p"
"2434","e"
"2435","e"
"2436","p"
"2437","p"
"2438","e"
